Workbook

Sheet Checkpoint 1
A1: SBA301 | CHECKPOINT 1
A3: KHÔNG DEMO • Chọn điểm từ dropdown • Chấm cá nhân theo Backlog / Git / Code Interview
A5: CP1: Backlog, UC ID, iteration, owner, lịch làm việc và kế hoạch Git.
A6: Quy trình: kiểm tra backlog → mở Git theo tài khoản cá nhân → yêu cầu chỉ đúng code và giải thích luồng. Không chạy/demo app.
A8: Nhóm | B8: MSSV | C8: Họ tên | D8: Git account | E8: UC/Task ID phụ trách | F8: C1 · Bài toán (2.5) | G8: C2 · Tiến trình & Git (3.0) | H8: C4 · Hiểu code (4.5) | I8: Điểm CP /10 | J8: Evidence ngắn / nhận xét / việc cần cải thiện
A9: 1 | B9: CE181052 | C9: Lê Hữu Nghĩa | I9: =IF(OR(B9="",COUNT(F9:H9)<3),"",SUM(F9:H9))
A10: 1 | B10: CE181532 | C10: Trần Hiền Diệu | I10: =IF(OR(B10="",COUNT(F10:H10)<3),"",SUM(F10:H10))
A11: 1 | B11: CE182078 | C11: Tăng Minh Vinh Quang | I11: =IF(OR(B11="",COUNT(F11:H11)<3),"",SUM(F11:H11))
A12: 1 | B12: CE190386 | C12: Châu Gia Huy | I12: =IF(OR(B12="",COUNT(F12:H12)<3),"",SUM(F12:H12))
A13: 1 | B13: CE190979 | C13: Nguyễn Huỳnh Thiên Ân | I13: =IF(OR(B13="",COUNT(F13:H13)<3),"",SUM(F13:H13))
A14: 2 | B14: CE190213 | C14: Đái Minh Như | I14: =IF(OR(B14="",COUNT(F14:H14)<3),"",SUM(F14:H14))
A15: 2 | B15: CE190603 | C15: Huỳnh Thái Duy Phương | I15: =IF(OR(B15="",COUNT(F15:H15)<3),"",SUM(F15:H15))
A16: 2 | B16: CE190757 | C16: Trương Bình Trọng | I16: =IF(OR(B16="",COUNT(F16:H16)<3),"",SUM(F16:H16))
A17: 2 | B17: CE191594 | C17: Tiêu Gia Huy | I17: =IF(OR(B17="",COUNT(F17:H17)<3),"",SUM(F17:H17))
A18: 2 | B18: CS191497 | C18: Lâm Thành Phát | I18: =IF(OR(B18="",COUNT(F18:H18)<3),"",SUM(F18:H18))
A19: 3 | B19: CE150499 | C19: Trần Thị Hồng Mai | I19: =IF(OR(B19="",COUNT(F19:H19)<3),"",SUM(F19:H19))
A20: 3 | B20: CE181640 | C20: Lê Huỳnh Nhựt Khanh | I20: =IF(OR(B20="",COUNT(F20:H20)<3),"",SUM(F20:H20))
... A37: 6 | B37: CE191406 | C37: Lê Thuận Phát | I37: =IF(OR(B37="",COUNT(F37:H37)<3),"",SUM(F37:H37))
I38: =IF(OR(B38="",COUNT(F38:H38)<3),"",SUM(F38:H38))

Sheet Checkpoint 2
A1: SBA301 | CHECKPOINT 2
A3: KHÔNG DEMO • Chọn điểm từ dropdown • Chấm cá nhân theo Backlog / Git / Code Interview
A5: CP2: Đối chiếu CP1, tiến độ thực tế, Git traceability, giải pháp kỹ thuật và hiểu code.
A6: Quy trình: kiểm tra backlog → mở Git theo tài khoản cá nhân → yêu cầu chỉ đúng code và giải thích luồng. Không chạy/demo app.
A8: Nhóm | B8: MSSV | C8: Họ tên | D8: Git account | E8: UC/Task ID phụ trách | F8: C1 · Bài toán (2.5) | G8: C2 · Tiến trình & Git (3.0) | H8: C4 · Hiểu code (4.5) | I8: Điểm CP /10 | J8: Evidence ngắn / nhận xét / việc cần cải thiện
A9: =IF('Checkpoint 1'!B9="","",'Checkpoint 1'!A9) -> 1 | B9: =IF('Checkpoint 1'!B9="","",'Checkpoint 1'!B9) -> CE181052 | C9: =IF('Checkpoint 1'!B9="","",'Checkpoint 1'!C9) -> Lê Hữu Nghĩa | I9: =IF(OR(B9="",COUNT(F9:H9)<3),"",SUM(F9:H9))
A10: =IF('Checkpoint 1'!B10="","",'Checkpoint 1'!A10) -> 1 | B10: =IF('Checkpoint 1'!B10="","",'Checkpoint 1'!B10) -> CE181532 | C10: =IF('Checkpoint 1'!B10="","",'Checkpoint 1'!C10) -> Trần Hiền Diệu | I10: =IF(OR(B10="",COUNT(F10:H10)<3),"",SUM(F10:H10))
A11: =IF('Checkpoint 1'!B11="","",'Checkpoint 1'!A11) -> 1 | B11: =IF('Checkpoint 1'!B11="","",'Checkpoint 1'!B11) -> CE182078 | C11: =IF('Checkpoint 1'!B11="","",'Checkpoint 1'!C11) -> Tăng Minh Vinh Quang | I11: =IF(OR(B11="",COUNT(F11:H11)<3),"",SUM(F11:H11))
A12: =IF('Checkpoint 1'!B12="","",'Checkpoint 1'!A12) -> 1 | B12: =IF('Checkpoint 1'!B12="","",'Checkpoint 1'!B12) -> CE190386 | C12: =IF('Checkpoint 1'!B12="","",'Checkpoint 1'!C12) -> Châu Gia Huy | I12: =IF(OR(B12="",COUNT(F12:H12)<3),"",SUM(F12:H12))
A13: =IF('Checkpoint 1'!B13="","",'Checkpoint 1'!A13) -> 1 | B13: =IF('Checkpoint 1'!B13="","",'Checkpoint 1'!B13) -> CE190979 | C13: =IF('Checkpoint 1'!B13="","",'Checkpoint 1'!C13) -> Nguyễn Huỳnh Thiên Ân | I13: =IF(OR(B13="",COUNT(F13:H13)<3),"",SUM(F13:H13))
A14: =IF('Checkpoint 1'!B14="","",'Checkpoint 1'!A14) -> 2 | B14: =IF('Checkpoint 1'!B14="","",'Checkpoint 1'!B14) -> CE190213 | C14: =IF('Checkpoint 1'!B14="","",'Checkpoint 1'!C14) -> Đái Minh Như | I14: =IF(OR(B14="",COUNT(F14:H14)<3),"",SUM(F14:H14))
A15: =IF('Checkpoint 1'!B15="","",'Checkpoint 1'!A15) -> 2 | B15: =IF('Checkpoint 1'!B15="","",'Checkpoint 1'!B15) -> CE190603 | C15: =IF('Checkpoint 1'!B15="","",'Checkpoint 1'!C15) -> Huỳnh Thái Duy Phương | I15: =IF(OR(B15="",COUNT(F15:H15)<3),"",SUM(F15:H15))
A16: =IF('Checkpoint 1'!B16="","",'Checkpoint 1'!A16) -> 2 | B16: =IF('Checkpoint 1'!B16="","",'Checkpoint 1'!B16) -> CE190757 | C16: =IF('Checkpoint 1'!B16="","",'Checkpoint 1'!C16) -> Trương Bình Trọng | I16: =IF(OR(B16="",COUNT(F16:H16)<3),"",SUM(F16:H16))
A17: =IF('Checkpoint 1'!B17="","",'Checkpoint 1'!A17) -> 2 | B17: =IF('Checkpoint 1'!B17="","",'Checkpoint 1'!B17) -> CE191594 | C17: =IF('Checkpoint 1'!B17="","",'Checkpoint 1'!C17) -> Tiêu Gia Huy | I17: =IF(OR(B17="",COUNT(F17:H17)<3),"",SUM(F17:H17))
A18: =IF('Checkpoint 1'!B18="","",'Checkpoint 1'!A18) -> 2 | B18: =IF('Checkpoint 1'!B18="","",'Checkpoint 1'!B18) -> CS191497 | C18: =IF('Checkpoint 1'!B18="","",'Checkpoint 1'!C18) -> Lâm Thành Phát | I18: =IF(OR(B18="",COUNT(F18:H18)<3),"",SUM(F18:H18))
A19: =IF('Checkpoint 1'!B19="","",'Checkpoint 1'!A19) -> 3 | B19: =IF('Checkpoint 1'!B19="","",'Checkpoint 1'!B19) -> CE150499 | C19: =IF('Checkpoint 1'!B19="","",'Checkpoint 1'!C19) -> Trần Thị Hồng Mai | I19: =IF(OR(B19="",COUNT(F19:H19)<3),"",SUM(F19:H19))
A20: =IF('Checkpoint 1'!B20="","",'Checkpoint 1'!A20) -> 3 | B20: =IF('Checkpoint 1'!B20="","",'Checkpoint 1'!B20) -> CE181640 | C20: =IF('Checkpoint 1'!B20="","",'Checkpoint 1'!C20) -> Lê Huỳnh Nhựt Khanh | I20: =IF(OR(B20="",COUNT(F20:H20)<3),"",SUM(F20:H20))
... A38: =IF('Checkpoint 1'!B38="","",'Checkpoint 1'!A38) | B38: =IF('Checkpoint 1'!B38="","",'Checkpoint 1'!B38) | C38: =IF('Checkpoint 1'!B38="","",'Checkpoint 1'!C38) | I38: =IF(OR(B38="",COUNT(F38:H38)<3),"",SUM(F38:H38))

Sheet Final Defense
A1: SBA301 | FINAL DEFENSE
A3: CÓ DEMO • Final iteration • Documents + Teamwork + Code Defense • Bonus ≤ 0.5
A5: Điểm Final = MIN(10, Document 1 + Teamwork 1 + Slides 1 + Demo 3 + Code Defense 4 + Bonus tối đa 0.5).
A8: Nhóm | B8: MSSV | C8: Họ tên | D8: Document (1.0) | E8: Teamwork (1.0) | F8: Slides (1.0) | G8: Demo chức năng (3.0) | H8: Code Defense & Q&A (4.0) | J8: Base /10 | K8: Bonus /0.5 | L8: Final /10 | M8: Minh chứng / tài liệu / Git tag | N8: Nhận xét
A9: =IF('Checkpoint 1'!B9="","",'Checkpoint 1'!A9) -> 1 | B9: =IF('Checkpoint 1'!B9="","",'Checkpoint 1'!B9) -> CE181052 | C9: =IF('Checkpoint 1'!B9="","",'Checkpoint 1'!C9) -> Lê Hữu Nghĩa | J9: =IF(OR(B9="",COUNT(D9:H9)<5),"",SUM(D9:H9)) | L9: =IF(OR(J9="",K9=""),"",MIN(10,J9+K9))
A10: =IF('Checkpoint 1'!B10="","",'Checkpoint 1'!A10) -> 1 | B10: =IF('Checkpoint 1'!B10="","",'Checkpoint 1'!B10) -> CE181532 | C10: =IF('Checkpoint 1'!B10="","",'Checkpoint 1'!C10) -> Trần Hiền Diệu | J10: =IF(OR(B10="",COUNT(D10:H10)<5),"",SUM(D10:H10)) | L10: =IF(OR(J10="",K10=""),"",MIN(10,J10+K10))
A11: =IF('Checkpoint 1'!B11="","",'Checkpoint 1'!A11) -> 1 | B11: =IF('Checkpoint 1'!B11="","",'Checkpoint 1'!B11) -> CE182078 | C11: =IF('Checkpoint 1'!B11="","",'Checkpoint 1'!C11) -> Tăng Minh Vinh Quang | J11: =IF(OR(B11="",COUNT(D11:H11)<5),"",SUM(D11:H11)) | L11: =IF(OR(J11="",K11=""),"",MIN(10,J11+K11))
A12: =IF('Checkpoint 1'!B12="","",'Checkpoint 1'!A12) -> 1 | B12: =IF('Checkpoint 1'!B12="","",'Checkpoint 1'!B12) -> CE190386 | C12: =IF('Checkpoint 1'!B12="","",'Checkpoint 1'!C12) -> Châu Gia Huy | J12: =IF(OR(B12="",COUNT(D12:H12)<5),"",SUM(D12:H12)) | L12: =IF(OR(J12="",K12=""),"",MIN(10,J12+K12))
A13: =IF('Checkpoint 1'!B13="","",'Checkpoint 1'!A13) -> 1 | B13: =IF('Checkpoint 1'!B13="","",'Checkpoint 1'!B13) -> CE190979 | C13: =IF('Checkpoint 1'!B13="","",'Checkpoint 1'!C13) -> Nguyễn Huỳnh Thiên Ân | J13: =IF(OR(B13="",COUNT(D13:H13)<5),"",SUM(D13:H13)) | L13: =IF(OR(J13="",K13=""),"",MIN(10,J13+K13))
A14: =IF('Checkpoint 1'!B14="","",'Checkpoint 1'!A14) -> 2 | B14: =IF('Checkpoint 1'!B14="","",'Checkpoint 1'!B14) -> CE190213 | C14: =IF('Checkpoint 1'!B14="","",'Checkpoint 1'!C14) -> Đái Minh Như | J14: =IF(OR(B14="",COUNT(D14:H14)<5),"",SUM(D14:H14)) | L14: =IF(OR(J14="",K14=""),"",MIN(10,J14+K14))
A15: =IF('Checkpoint 1'!B15="","",'Checkpoint 1'!A15) -> 2 | B15: =IF('Checkpoint 1'!B15="","",'Checkpoint 1'!B15) -> CE190603 | C15: =IF('Checkpoint 1'!B15="","",'Checkpoint 1'!C15) -> Huỳnh Thái Duy Phương | J15: =IF(OR(B15="",COUNT(D15:H15)<5),"",SUM(D15:H15)) | L15: =IF(OR(J15="",K15=""),"",MIN(10,J15+K15))
A16: =IF('Checkpoint 1'!B16="","",'Checkpoint 1'!A16) -> 2 | B16: =IF('Checkpoint 1'!B16="","",'Checkpoint 1'!B16) -> CE190757 | C16: =IF('Checkpoint 1'!B16="","",'Checkpoint 1'!C16) -> Trương Bình Trọng | J16: =IF(OR(B16="",COUNT(D16:H16)<5),"",SUM(D16:H16)) | L16: =IF(OR(J16="",K16=""),"",MIN(10,J16+K16))
A17: =IF('Checkpoint 1'!B17="","",'Checkpoint 1'!A17) -> 2 | B17: =IF('Checkpoint 1'!B17="","",'Checkpoint 1'!B17) -> CE191594 | C17: =IF('Checkpoint 1'!B17="","",'Checkpoint 1'!C17) -> Tiêu Gia Huy | J17: =IF(OR(B17="",COUNT(D17:H17)<5),"",SUM(D17:H17)) | L17: =IF(OR(J17="",K17=""),"",MIN(10,J17+K17))
A18: =IF('Checkpoint 1'!B18="","",'Checkpoint 1'!A18) -> 2 | B18: =IF('Checkpoint 1'!B18="","",'Checkpoint 1'!B18) -> CS191497 | C18: =IF('Checkpoint 1'!B18="","",'Checkpoint 1'!C18) -> Lâm Thành Phát | J18: =IF(OR(B18="",COUNT(D18:H18)<5),"",SUM(D18:H18)) | L18: =IF(OR(J18="",K18=""),"",MIN(10,J18+K18))
A19: =IF('Checkpoint 1'!B19="","",'Checkpoint 1'!A19) -> 3 | B19: =IF('Checkpoint 1'!B19="","",'Checkpoint 1'!B19) -> CE150499 | C19: =IF('Checkpoint 1'!B19="","",'Checkpoint 1'!C19) -> Trần Thị Hồng Mai | J19: =IF(OR(B19="",COUNT(D19:H19)<5),"",SUM(D19:H19)) | L19: =IF(OR(J19="",K19=""),"",MIN(10,J19+K19))
A20: =IF('Checkpoint 1'!B20="","",'Checkpoint 1'!A20) -> 3 | B20: =IF('Checkpoint 1'!B20="","",'Checkpoint 1'!B20) -> CE181640 | C20: =IF('Checkpoint 1'!B20="","",'Checkpoint 1'!C20) -> Lê Huỳnh Nhựt Khanh | J20: =IF(OR(B20="",COUNT(D20:H20)<5),"",SUM(D20:H20)) | L20: =IF(OR(J20="",K20=""),"",MIN(10,J20+K20))
... A38: =IF('Checkpoint 1'!B38="","",'Checkpoint 1'!A38) | B38: =IF('Checkpoint 1'!B38="","",'Checkpoint 1'!B38) | C38: =IF('Checkpoint 1'!B38="","",'Checkpoint 1'!C38) | J38: =IF(OR(B38="",COUNT(D38:H38)<5),"",SUM(D38:H38)) | L38: =IF(OR(J38="",K38=""),"",MIN(10,J38+K38))

Sheet Tong hop 3 vong
A1: SBA301 | TỔNG HỢP ĐIỂM 3 VÒNG
A3: Danh sách sinh viên nhập ở Checkpoint 1 • Điểm tự liên kết • Chỉ tổng hợp khi đủ ba vòng
A5: Trọng số CP1 | B5: Trọng số CP2 | C5: Trọng số Final | D5: Tổng trọng số | E5: Tỷ trọng 25% – 25% – 50% là ĐỀ XUẤT, có thể sửa A6:C6. Final đã cộng bonus, giới hạn tối đa 10 điểm.
A6: 0.25 | B6: 0.25 | C6: 0.5 | D6: =SUM(A6:C6) -> 1
A8: Nhóm | B8: MSSV | C8: Họ tên | D8: CP1 /10 | E8: CP2 /10 | F8: Final /10 | G8: Tổng /10 | H8: Quy đổi 30% | I8: Tình trạng | J8: Ghi chú
A9: =IF('Checkpoint 1'!B9="","",'Checkpoint 1'!A9) -> 1 | B9: =IF('Checkpoint 1'!B9="","",'Checkpoint 1'!B9) -> CE181052 | C9: =IF('Checkpoint 1'!B9="","",'Checkpoint 1'!C9) -> Lê Hữu Nghĩa | D9: =IF(B9="","",IF('Checkpoint 1'!I9="","",'Checkpoint 1'!I9)) | E9: =IF(B9="","",IF('Checkpoint 2'!I9="","",'Checkpoint 2'!I9)) | F9: =IF(B9="","",IF('Final Defense'!L9="","",'Final Defense'!L9)) | G9: =IF(OR(B9="",COUNT(D9:F9)<3,$D$6<>1),"",SUMPRODUCT(D9:F9,$A$6:$C$6)) | H9: =IF(G9="","",G9*30%) | I9: =IF(B9="","",IF($D$6<>1,"Kiểm tra trọng số",IF(COUNT(D9:F9)=3,"Hoàn tất","Chưa đủ 3 vòng"))) -> Chưa đủ 3 vòng
A10: =IF('Checkpoint 1'!B10="","",'Checkpoint 1'!A10) -> 1 | B10: =IF('Checkpoint 1'!B10="","",'Checkpoint 1'!B10) -> CE181532 | C10: =IF('Checkpoint 1'!B10="","",'Checkpoint 1'!C10) -> Trần Hiền Diệu | D10: =IF(B10="","",IF('Checkpoint 1'!I10="","",'Checkpoint 1'!I10)) | E10: =IF(B10="","",IF('Checkpoint 2'!I10="","",'Checkpoint 2'!I10)) | F10: =IF(B10="","",IF('Final Defense'!L10="","",'Final Defense'!L10)) | G10: =IF(OR(B10="",COUNT(D10:F10)<3,$D$6<>1),"",SUMPRODUCT(D10:F10,$A$6:$C$6)) | H10: =IF(G10="","",G10*30%) | I10: =IF(B10="","",IF($D$6<>1,"Kiểm tra trọng số",IF(COUNT(D10:F10)=3,"Hoàn tất","Chưa đủ 3 vòng"))) -> Chưa đủ 3 vòng
A11: =IF('Checkpoint 1'!B11="","",'Checkpoint 1'!A11) -> 1 | B11: =IF('Checkpoint 1'!B11="","",'Checkpoint 1'!B11) -> CE182078 | C11: =IF('Checkpoint 1'!B11="","",'Checkpoint 1'!C11) -> Tăng Minh Vinh Quang | D11: =IF(B11="","",IF('Checkpoint 1'!I11="","",'Checkpoint 1'!I11)) | E11: =IF(B11="","",IF('Checkpoint 2'!I11="","",'Checkpoint 2'!I11)) | F11: =IF(B11="","",IF('Final Defense'!L11="","",'Final Defense'!L11)) | G11: =IF(OR(B11="",COUNT(D11:F11)<3,$D$6<>1),"",SUMPRODUCT(D11:F11,$A$6:$C$6)) | H11: =IF(G11="","",G11*30%) | I11: =IF(B11="","",IF($D$6<>1,"Kiểm tra trọng số",IF(COUNT(D11:F11)=3,"Hoàn tất","Chưa đủ 3 vòng"))) -> Chưa đủ 3 vòng
A12: =IF('Checkpoint 1'!B12="","",'Checkpoint 1'!A12) -> 1 | B12: =IF('Checkpoint 1'!B12="","",'Checkpoint 1'!B12) -> CE190386 | C12: =IF('Checkpoint 1'!B12="","",'Checkpoint 1'!C12) -> Châu Gia Huy | D12: =IF(B12="","",IF('Checkpoint 1'!I12="","",'Checkpoint 1'!I12)) | E12: =IF(B12="","",IF('Checkpoint 2'!I12="","",'Checkpoint 2'!I12)) | F12: =IF(B12="","",IF('Final Defense'!L12="","",'Final Defense'!L12)) | G12: =IF(OR(B12="",COUNT(D12:F12)<3,$D$6<>1),"",SUMPRODUCT(D12:F12,$A$6:$C$6)) | H12: =IF(G12="","",G12*30%) | I12: =IF(B12="","",IF($D$6<>1,"Kiểm tra trọng số",IF(COUNT(D12:F12)=3,"Hoàn tất","Chưa đủ 3 vòng"))) -> Chưa đủ 3 vòng
A13: =IF('Checkpoint 1'!B13="","",'Checkpoint 1'!A13) -> 1 | B13: =IF('Checkpoint 1'!B13="","",'Checkpoint 1'!B13) -> CE190979 | C13: =IF('Checkpoint 1'!B13="","",'Checkpoint 1'!C13) -> Nguyễn Huỳnh Thiên Ân | D13: =IF(B13="","",IF('Checkpoint 1'!I13="","",'Checkpoint 1'!I13)) | E13: =IF(B13="","",IF('Checkpoint 2'!I13="","",'Checkpoint 2'!I13)) | F13: =IF(B13="","",IF('Final Defense'!L13="","",'Final Defense'!L13)) | G13: =IF(OR(B13="",COUNT(D13:F13)<3,$D$6<>1),"",SUMPRODUCT(D13:F13,$A$6:$C$6)) | H13: =IF(G13="","",G13*30%) | I13: =IF(B13="","",IF($D$6<>1,"Kiểm tra trọng số",IF(COUNT(D13:F13)=3,"Hoàn tất","Chưa đủ 3 vòng"))) -> Chưa đủ 3 vòng
A14: =IF('Checkpoint 1'!B14="","",'Checkpoint 1'!A14) -> 2 | B14: =IF('Checkpoint 1'!B14="","",'Checkpoint 1'!B14) -> CE190213 | C14: =IF('Checkpoint 1'!B14="","",'Checkpoint 1'!C14) -> Đái Minh Như | D14: =IF(B14="","",IF('Checkpoint 1'!I14="","",'Checkpoint 1'!I14)) | E14: =IF(B14="","",IF('Checkpoint 2'!I14="","",'Checkpoint 2'!I14)) | F14: =IF(B14="","",IF('Final Defense'!L14="","",'Final Defense'!L14)) | G14: =IF(OR(B14="",COUNT(D14:F14)<3,$D$6<>1),"",SUMPRODUCT(D14:F14,$A$6:$C$6)) | H14: =IF(G14="","",G14*30%) | I14: =IF(B14="","",IF($D$6<>1,"Kiểm tra trọng số",IF(COUNT(D14:F14)=3,"Hoàn tất","Chưa đủ 3 vòng"))) -> Chưa đủ 3 vòng
A15: =IF('Checkpoint 1'!B15="","",'Checkpoint 1'!A15) -> 2 | B15: =IF('Checkpoint 1'!B15="","",'Checkpoint 1'!B15) -> CE190603 | C15: =IF('Checkpoint 1'!B15="","",'Checkpoint 1'!C15) -> Huỳnh Thái Duy Phương | D15: =IF(B15="","",IF('Checkpoint 1'!I15="","",'Checkpoint 1'!I15)) | E15: =IF(B15="","",IF('Checkpoint 2'!I15="","",'Checkpoint 2'!I15)) | F15: =IF(B15="","",IF('Final Defense'!L15="","",'Final Defense'!L15)) | G15: =IF(OR(B15="",COUNT(D15:F15)<3,$D$6<>1),"",SUMPRODUCT(D15:F15,$A$6:$C$6)) | H15: =IF(G15="","",G15*30%) | I15: =IF(B15="","",IF($D$6<>1,"Kiểm tra trọng số",IF(COUNT(D15:F15)=3,"Hoàn tất","Chưa đủ 3 vòng"))) -> Chưa đủ 3 vòng
A16: =IF('Checkpoint 1'!B16="","",'Checkpoint 1'!A16) -> 2 | B16: =IF('Checkpoint 1'!B16="","",'Checkpoint 1'!B16) -> CE190757 | C16: =IF('Checkpoint 1'!B16="","",'Checkpoint 1'!C16) -> Trương Bình Trọng | D16: =IF(B16="","",IF('Checkpoint 1'!I16="","",'Checkpoint 1'!I16)) | E16: =IF(B16="","",IF('Checkpoint 2'!I16="","",'Checkpoint 2'!I16)) | F16: =IF(B16="","",IF('Final Defense'!L16="","",'Final Defense'!L16)) | G16: =IF(OR(B16="",COUNT(D16:F16)<3,$D$6<>1),"",SUMPRODUCT(D16:F16,$A$6:$C$6)) | H16: =IF(G16="","",G16*30%) | I16: =IF(B16="","",IF($D$6<>1,"Kiểm tra trọng số",IF(COUNT(D16:F16)=3,"Hoàn tất","Chưa đủ 3 vòng"))) -> Chưa đủ 3 vòng
A17: =IF('Checkpoint 1'!B17="","",'Checkpoint 1'!A17) -> 2 | B17: =IF('Checkpoint 1'!B17="","",'Checkpoint 1'!B17) -> CE191594 | C17: =IF('Checkpoint 1'!B17="","",'Checkpoint 1'!C17) -> Tiêu Gia Huy | D17: =IF(B17="","",IF('Checkpoint 1'!I17="","",'Checkpoint 1'!I17)) | E17: =IF(B17="","",IF('Checkpoint 2'!I17="","",'Checkpoint 2'!I17)) | F17: =IF(B17="","",IF('Final Defense'!L17="","",'Final Defense'!L17)) | G17: =IF(OR(B17="",COUNT(D17:F17)<3,$D$6<>1),"",SUMPRODUCT(D17:F17,$A$6:$C$6)) | H17: =IF(G17="","",G17*30%) | I17: =IF(B17="","",IF($D$6<>1,"Kiểm tra trọng số",IF(COUNT(D17:F17)=3,"Hoàn tất","Chưa đủ 3 vòng"))) -> Chưa đủ 3 vòng
A18: =IF('Checkpoint 1'!B18="","",'Checkpoint 1'!A18) -> 2 | B18: =IF('Checkpoint 1'!B18="","",'Checkpoint 1'!B18) -> CS191497 | C18: =IF('Checkpoint 1'!B18="","",'Checkpoint 1'!C18) -> Lâm Thành Phát | D18: =IF(B18="","",IF('Checkpoint 1'!I18="","",'Checkpoint 1'!I18)) | E18: =IF(B18="","",IF('Checkpoint 2'!I18="","",'Checkpoint 2'!I18)) | F18: =IF(B18="","",IF('Final Defense'!L18="","",'Final Defense'!L18)) | G18: =IF(OR(B18="",COUNT(D18:F18)<3,$D$6<>1),"",SUMPRODUCT(D18:F18,$A$6:$C$6)) | H18: =IF(G18="","",G18*30%) | I18: =IF(B18="","",IF($D$6<>1,"Kiểm tra trọng số",IF(COUNT(D18:F18)=3,"Hoàn tất","Chưa đủ 3 vòng"))) -> Chưa đủ 3 vòng
A19: =IF('Checkpoint 1'!B19="","",'Checkpoint 1'!A19) -> 3 | B19: =IF('Checkpoint 1'!B19="","",'Checkpoint 1'!B19) -> CE150499 | C19: =IF('Checkpoint 1'!B19="","",'Checkpoint 1'!C19) -> Trần Thị Hồng Mai | D19: =IF(B19="","",IF('Checkpoint 1'!I19="","",'Checkpoint 1'!I19)) | E19: =IF(B19="","",IF('Checkpoint 2'!I19="","",'Checkpoint 2'!I19)) | F19: =IF(B19="","",IF('Final Defense'!L19="","",'Final Defense'!L19)) | G19: =IF(OR(B19="",COUNT(D19:F19)<3,$D$6<>1),"",SUMPRODUCT(D19:F19,$A$6:$C$6)) | H19: =IF(G19="","",G19*30%) | I19: =IF(B19="","",IF($D$6<>1,"Kiểm tra trọng số",IF(COUNT(D19:F19)=3,"Hoàn tất","Chưa đủ 3 vòng"))) -> Chưa đủ 3 vòng
A20: =IF('Checkpoint 1'!B20="","",'Checkpoint 1'!A20) -> 3 | B20: =IF('Checkpoint 1'!B20="","",'Checkpoint 1'!B20) -> CE181640 | C20: =IF('Checkpoint 1'!B20="","",'Checkpoint 1'!C20) -> Lê Huỳnh Nhựt Khanh | D20: =IF(B20="","",IF('Checkpoint 1'!I20="","",'Checkpoint 1'!I20)) | E20: =IF(B20="","",IF('Checkpoint 2'!I20="","",'Checkpoint 2'!I20)) | F20: =IF(B20="","",IF('Final Defense'!L20="","",'Final Defense'!L20)) | G20: =IF(OR(B20="",COUNT(D20:F20)<3,$D$6<>1),"",SUMPRODUCT(D20:F20,$A$6:$C$6)) | H20: =IF(G20="","",G20*30%) | I20: =IF(B20="","",IF($D$6<>1,"Kiểm tra trọng số",IF(COUNT(D20:F20)=3,"Hoàn tất","Chưa đủ 3 vòng"))) -> Chưa đủ 3 vòng
... A38: =IF('Checkpoint 1'!B38="","",'Checkpoint 1'!A38) | B38: =IF('Checkpoint 1'!B38="","",'Checkpoint 1'!B38) | C38: =IF('Checkpoint 1'!B38="","",'Checkpoint 1'!C38) | D38: =IF(B38="","",IF('Checkpoint 1'!I38="","",'Checkpoint 1'!I38)) | E38: =IF(B38="","",IF('Checkpoint 2'!I38="","",'Checkpoint 2'!I38)) | F38: =IF(B38="","",IF('Final Defense'!L38="","",'Final Defense'!L38)) | G38: =IF(OR(B38="",COUNT(D38:F38)<3,$D$6<>1),"",SUMPRODUCT(D38:F38,$A$6:$C$6)) | H38: =IF(G38="","",G38*30%) | I38: =IF(B38="","",IF($D$6<>1,"Kiểm tra trọng số",IF(COUNT(D38:F38)=3,"Hoàn tất","Chưa đủ 3 vòng")))

Sheet Rubric & Huong dan
A1: RUBRIC | HƯỚNG DẪN CHẤM
A3: Dựa trên SBA301 Assignment Interview Guide; điều chỉnh phù hợp SBA301 project nhóm và 3 vòng đánh giá
A5: Vòng | B5: Tiêu chí | C5: Điểm tối đa | D5: Bằng chứng chính / cách kiểm tra
A6: CP1 / CP2 | B6: C1 – Problem Understanding & Solution Approach | C6: 2.5 | D6: Nắm mục tiêu, yêu cầu UC, nghiệp vụ, iteration và lý do chọn giải pháp.
A7: CP1 / CP2 | B7: C2 – Individual Engineering Process & Git | C7: 3 | D7: Backlog UC→Task→Owner→Time→Git; đúng Git account; lịch sử tiến triển, PR/merge. Không đếm commit máy móc.
A8: CP1 / CP2 | B8: C4 – Code Understanding, Explanation & Adaptation | C8: 4.5 | D8: Chỉ code phần cá nhân, trace event→state→logic/data→UI, giải thích thiết kế, lỗi, change impact.
A9: Final | B9: Document / hồ sơ dự án | C9: 1 | D9: Report: yêu cầu, thiết kế, ownership, testing, Git evidence, hướng dẫn chạy.
A10: Final | B10: Teamwork / Integration | C10: 1 | D10: Phối hợp nhóm có minh chứng qua PR/review, tích hợp, xử lý xung đột và phụ thuộc.
A11: Final | B11: Slides / Presentation | C11: 1 | D11: Nội dung rõ, phạm vi iteration cuối, phân công và kết quả thực tế.
A12: Final | B12: Implemented Features Demo | C12: 3 | D12: Demo trực tiếp các chức năng đã triển khai ở iteration cuối: luồng nghiệp vụ, kết quả thực tế, lỗi/biên phù hợp.
A13: Final | B13: Code Understanding, Defense & Q&A | C13: 4 | D13: Sinh viên giải thích đúng code mình phụ trách: purpose, input→state→logic→output, design decisions, lỗi và change impact.
A14: Final | B14: Đã loại bỏ Flutter & Tests | D14: Đã loại bỏ tiêu chí Flutter Implementation & Tests riêng; kiến thức code đánh giá trong Code Defense, kết quả chức năng trong Demo.
A15: Final | B15: Bonus | C15: 0.5 | D15: 0 / 0.5: mức đóng góp nổi bật có minh chứng, không vượt 10 điểm Final.
A16: Quy tắc | B16: Checkpoint không demo | D16: Không chạy app, không chấm chức năng vận hành; ưu tiên xác minh hiểu và ownership.
A17: Quy tắc | B17: Dropdown scoring | D17: Chọn mức 0.5 điểm; để trống nghĩa là chưa chấm, không đồng nghĩa 0.
A18: Quy tắc | B18: Team vs Individual | D18: Đây là project nhóm nhưng cho điểm từng sinh viên; Git account phải riêng.
A19: Quy tắc | B19: AI-assisted coding | D19: Được dùng như công cụ; sinh viên phải giải thích code, kiểm thử, sửa được vấn đề.
A20: Quy tắc | B20: Điểm tổng | D20: Điểm 3 vòng theo tỷ trọng A6:C6 sheet tổng hợp, sau đó quy đổi 30% học phần.
